<?xml version="1.0" encoding="UTF-8"?>
<project name="project" default="all">
  
  
  <property file="project.properties"/>
  <!-- Uncomment the following property if no tests compilation is needed -->
  <!-- 
  <property name="skip.tests" value="true"/>
   -->
  
  <!-- Compiler options -->
  
  <property name="compiler.debug" value="on"/>
  <property name="compiler.generate.no.warnings" value="off"/>
  <property name="compiler.args" value=""/>
  <property name="compiler.max.memory" value="700m"/>
  <patternset id="ignored.files">
    <exclude name="**/*.hprof/**"/>
    <exclude name="**/*.pyc/**"/>
    <exclude name="**/*.pyo/**"/>
    <exclude name="**/*.rbc/**"/>
    <exclude name="**/*.yarb/**"/>
    <exclude name="**/*~/**"/>
    <exclude name="**/.DS_Store/**"/>
    <exclude name="**/.git/**"/>
    <exclude name="**/.hg/**"/>
    <exclude name="**/.svn/**"/>
    <exclude name="**/CVS/**"/>
    <exclude name="**/__pycache__/**"/>
    <exclude name="**/_svn/**"/>
    <exclude name="**/vssver.scc/**"/>
    <exclude name="**/vssver2.scc/**"/>
  </patternset>
  <patternset id="library.patterns">
    <include name="*.war"/>
    <include name="*.swc"/>
    <include name="*.zip"/>
    <include name="*.ear"/>
    <include name="*.egg"/>
    <include name="*.ane"/>
    <include name="*.jar"/>
  </patternset>
  <patternset id="compiler.resources">
    <exclude name="**/?*.java"/>
    <exclude name="**/?*.form"/>
    <exclude name="**/?*.class"/>
    <exclude name="**/?*.groovy"/>
    <exclude name="**/?*.scala"/>
    <exclude name="**/?*.flex"/>
    <exclude name="**/?*.kt"/>
    <exclude name="**/?*.clj"/>
  </patternset>
  
  <!-- JDK definitions -->
  
  <property name="jdk.bin.1.8" value="${jdk.home.1.8}/bin"/>
  <path id="jdk.classpath.1.8">
    <fileset dir="${jdk.home.1.8}">
      <include name="jre/lib/charsets.jar"/>
      <include name="jre/lib/deploy.jar"/>
      <include name="jre/lib/ext/cldrdata.jar"/>
      <include name="jre/lib/ext/dnsns.jar"/>
      <include name="jre/lib/ext/jaccess.jar"/>
      <include name="jre/lib/ext/jfxrt.jar"/>
      <include name="jre/lib/ext/localedata.jar"/>
      <include name="jre/lib/ext/nashorn.jar"/>
      <include name="jre/lib/ext/sunec.jar"/>
      <include name="jre/lib/ext/sunjce_provider.jar"/>
      <include name="jre/lib/ext/sunpkcs11.jar"/>
      <include name="jre/lib/ext/zipfs.jar"/>
      <include name="jre/lib/javaws.jar"/>
      <include name="jre/lib/jce.jar"/>
      <include name="jre/lib/jfr.jar"/>
      <include name="jre/lib/jfxswt.jar"/>
      <include name="jre/lib/jsse.jar"/>
      <include name="jre/lib/management-agent.jar"/>
      <include name="jre/lib/plugin.jar"/>
      <include name="jre/lib/resources.jar"/>
      <include name="jre/lib/rt.jar"/>
      <include name="lib/ant-javafx.jar"/>
      <include name="lib/dt.jar"/>
      <include name="lib/javafx-mx.jar"/>
      <include name="lib/jconsole.jar"/>
      <include name="lib/packager.jar"/>
      <include name="lib/sa-jdi.jar"/>
      <include name="lib/tools.jar"/>
    </fileset>
  </path>
  
  <property name="project.jdk.home" value="${jdk.home.1.8}"/>
  <property name="project.jdk.bin" value="${jdk.bin.1.8}"/>
  <property name="project.jdk.classpath" value="jdk.classpath.1.8"/>
  <!-- Register Custom Compiler Taskdefs -->
  <property name="javac2.home" value="${idea.home}/lib"/>
  <path id="javac2.classpath">
    <pathelement location="${javac2.home}/javac2.jar"/>
    <pathelement location="${javac2.home}/jdom.jar"/>
    <pathelement location="${javac2.home}/asm-all.jar"/>
    <pathelement location="${javac2.home}/jgoodies-forms.jar"/>
  </path>
  <target name="register.custom.compilers">
    <taskdef name="javac2" classname="com.intellij.ant.Javac2" classpathref="javac2.classpath"/>
    <taskdef name="instrumentIdeaExtensions" classname="com.intellij.ant.InstrumentIdeaExtensions" classpathref="javac2.classpath"/>
  </target>
  
  <!-- Modules -->
  
  
  <!-- Module mds-calculator -->
  
  <dirname property="module.mds-calculator.basedir" file="${ant.file}"/>
  
  
  <property name="module.jdk.home.mds-calculator" value="${project.jdk.home}"/>
  <property name="module.jdk.bin.mds-calculator" value="${project.jdk.bin}"/>
  <property name="module.jdk.classpath.mds-calculator" value="${project.jdk.classpath}"/>
  
  <property name="compiler.args.mds-calculator" value="-encoding UTF-8 -source 1.8 -target 1.8 ${compiler.args}"/>
  
  <property name="mds-calculator.output.dir" value="${module.mds-calculator.basedir}/out/production/mds-calculator"/>
  <property name="mds-calculator.testoutput.dir" value="${module.mds-calculator.basedir}/out/test/mds-calculator"/>
  
  <path id="mds-calculator.module.bootclasspath">
    <!-- Paths to be included in compilation bootclasspath -->
  </path>
  
  <path id="mds-calculator.module.production.classpath">
    <path refid="${module.jdk.classpath.mds-calculator}"/>
  </path>
  
  <path id="mds-calculator.runtime.production.module.classpath">
    <pathelement location="${mds-calculator.output.dir}"/>
  </path>
  
  <path id="mds-calculator.module.classpath">
    <path refid="${module.jdk.classpath.mds-calculator}"/>
    <pathelement location="${mds-calculator.output.dir}"/>
  </path>
  
  <path id="mds-calculator.runtime.module.classpath">
    <pathelement location="${mds-calculator.testoutput.dir}"/>
    <pathelement location="${mds-calculator.output.dir}"/>
  </path>
  
  
  <patternset id="excluded.from.module.mds-calculator">
    <patternset refid="ignored.files"/>
  </patternset>
  
  <patternset id="excluded.from.compilation.mds-calculator">
    <patternset refid="excluded.from.module.mds-calculator"/>
  </patternset>
  
  <path id="mds-calculator.module.sourcepath">
    <dirset dir="${module.mds-calculator.basedir}">
      <include name="src"/>
    </dirset>
  </path>
  
  
  <target name="compile.module.mds-calculator" depends="compile.module.mds-calculator.production,compile.module.mds-calculator.tests" description="Compile module mds-calculator"/>
  
  <target name="compile.module.mds-calculator.production" depends="register.custom.compilers" description="Compile module mds-calculator; production classes">
    <mkdir dir="${mds-calculator.output.dir}"/>
    <javac2 destdir="${mds-calculator.output.dir}" debug="${compiler.debug}" nowarn="${compiler.generate.no.warnings}" memorymaximumsize="${compiler.max.memory}" fork="true" executable="${module.jdk.bin.mds-calculator}/javac">
      <compilerarg line="${compiler.args.mds-calculator}"/>
      <bootclasspath refid="mds-calculator.module.bootclasspath"/>
      <classpath refid="mds-calculator.module.production.classpath"/>
      <src refid="mds-calculator.module.sourcepath"/>
      <patternset refid="excluded.from.compilation.mds-calculator"/>
    </javac2>
    
    <copy todir="${mds-calculator.output.dir}">
      <fileset dir="${module.mds-calculator.basedir}/src">
        <patternset refid="compiler.resources"/>
        <type type="file"/>
      </fileset>
    </copy>
  </target>
  
  <target name="compile.module.mds-calculator.tests" depends="register.custom.compilers,compile.module.mds-calculator.production" description="compile module mds-calculator; test classes" unless="skip.tests"/>
  
  <target name="clean.module.mds-calculator" description="cleanup module">
    <delete dir="${mds-calculator.output.dir}"/>
    <delete dir="${mds-calculator.testoutput.dir}"/>
  </target>
  
  <target name="init" description="Build initialization">
    <!-- Perform any build initialization in this target -->
  </target>
  
  <target name="clean" depends="clean.module.mds-calculator" description="cleanup all"/>
  
  <target name="build.modules" depends="init, clean, compile.module.mds-calculator" description="build all modules"/>
  
  <target name="all" depends="build.modules" description="build all"/>
</project>